{"rc": 0, "rt": 18, "svr": 2887257645, "lt": 2, "full": 1, "dlmkts": "8,10,128", "data": {"total": 2, "diff": [{"f9": 1675, "f12": "000858", "f13": 0, "f14": "\u4e94 \u7cae \u6db2", "f20": 556933116557, "f23": 408, "f37": 18.33, "f45": 24930782556.55, "f49": 77.0591040425, "f58": 136361914213.71, "f129": 38.196111226, "f131": 11.331789016723633, "f132": 88651259790.38, "f133": 5.05, "f134": "-", "f135": 139103654374.88998, "f137": 0.0, "f152": 2, "f1020": 2, "f1113": 4, "f1045": 2, "f1009": 9, "f1023": 22, "f1049": 5, "f1129": 3, "f1037": 10, "f1135": 2, "f1115": 7, "f1058": 2, "f1132": 2, "f1130": 26, "f1131": 2, "f1137": 32, "f1133": 3, "f1138": 32, "f2020": 0.0, "f2113": 0.0, "f2045": 0.0, "f2009": 0.0, "f2023": 0.0, "f2049": 0.0, "f2129": 0.0, "f2037": 0.0, "f2135": 0.0, "f2115": 0.0, "f2058": 0.0, "f2132": 0.0, "f2130": 0.0, "f2131": 0.0, "f2137": 0.0, "f2133": 0.0, "f2138": 0.0, "f3020": 1, "f3113": 1, "f3045": 1, "f3009": 1, "f3023": 3, "f3049": 1, "f3129": 1, "f3037": 2, "f3135": 1, "f3115": 1, "f3058": 1, "f3132": 1, "f3130": 3, "f3131": 1, "f3137": 4, "f3133": 1, "f3138": 4}, {"f9": 1896, "f12": "BK0477", "f13": 90, "f14": "\u917f\u9152\u884c\u4e1a", "f20": 3739070384000, "f23": "-", "f37": "-", "f45": "-", "f49": "-", "f58": "-", "f129": "-", "f131": "-", "f132": "-", "f133": "-", "f134": 37, "f135": "-", "f137": "-", "f152": 2, "f1020": 0, "f1113": 0, "f1045": 0, "f1009": 0, "f1023": 0, "f1049": 0, "f1129": 0, "f1037": 0, "f1135": 0, "f1115": 0, "f1058": 0, "f1132": 0, "f1130": 0, "f1131": 0, "f1137": 0, "f1133": 0, "f1138": 0, "f2020": 99294111952.99, "f2113": 14.94, "f2045": 3814324576.58, "f2009": 330.78, "f2023": 5.25, "f2049": 56.7, "f2129": 13.54, "f2037": 10.28, "f2135": 19353205997.81, "f2115": -11.9, "f2058": 18802462484.74, "f2132": 14114965378.55, "f2130": 6.7, "f2131": -79.78, "f2137": 0.0, "f2133": 1.77, "f2138": 0.0, "f3020": 5, "f3113": 5, "f3045": 5, "f3009": 5, "f3023": 5, "f3049": 5, "f3129": 5, "f3037": 5, "f3135": 5, "f3115": 5, "f3058": 5, "f3132": 5, "f3130": 5, "f3131": 5, "f3137": 5, "f3133": 5, "f3138": 5}]}}